component,eigenvalue
1,485.7272554696986
2,155.6601547707205
3,140.58533745522996
4,68.84398472116318
5,37.89945651079374
6,30.7096693334715
7,2.9988546449723508
8,0.06363825445804334
